{"cameraMode":{"drawMode":0,"name":"Shaded","section":"Shading Mode"},"sceneLighting":false,"audioPlay":false,"sceneViewState":{"showFog":true,"showMaterialUpdate":false,"showSkybox":true,"showFlares":true,"showImageEffects":true,"showParticleSystems":true},"in2DMode":false,"pivot":{"x":-0.057062480598688129,"y":1.4948756694793702,"z":-0.12332671880722046},"rotation":{"x":-0.004229442682117224,"y":0.9947423338890076,"z":-0.09158418327569962,"w":-0.04598991200327873},"size":0.4086794853210449,"orthographic":false}