{"cameraMode":{"drawMode":0,"name":"Shaded","section":"Shading Mode"},"sceneLighting":false,"audioPlay":false,"sceneViewState":{"showFog":true,"showMaterialUpdate":false,"showSkybox":false,"showFlares":true,"showImageEffects":true,"showParticleSystems":true},"in2DMode":false,"pivot":{"x":-0.029175307601690294,"y":1.4347658157348633,"z":-0.4100533127784729},"rotation":{"x":-0.0016551304142922164,"y":0.9974446296691895,"z":-0.06773900240659714,"w":-0.023956891149282457},"size":0.3759961724281311,"orthographic":false}